{"__type__":"cc.AnimationClip","_name":"shouji","_duration":0.06666666666666667,"sample":30,"curveData":{"paths":{"spr1":{"props":{"opacity":[{"frame":0,"value":0},{"frame":0.03333333333333333,"value":150},{"frame":0.06666666666666667,"value":0}]}}}}}