{"__type__":"cc.AnimationClip","_name":"tuowei","_duration":0.8333333333333334,"sample":30,"wrapMode":2,"curveData":{"props":{"position":[{"frame":0,"value":[95.652,-148.475,0],"curve":[0.001834862385321116,0.45672782874617734,0.4553516819571865,1.0058103975535166]},{"frame":0.8333333333333334,"value":[-152.215,-595.577,0]}],"angle":[{"frame":0,"value":0},{"frame":0.8333333333333334,"value":260}]}}}